DATE,VALUE,CPI ^ %,Real GDP %
1954-10-01,26.720,,8.00%
1954-11-01,26.780,0.2246%,
1954-12-01,26.770,-0.0373%,
1955-01-01,26.770,0.0000%,11.90%
1955-02-01,26.820,0.1868%,
1955-03-01,26.790,-0.1119%,
1955-04-01,26.790,0.0000%,6.70%
1955-05-01,26.770,-0.0747%,
1955-06-01,26.710,-0.2241%,
1955-07-01,26.760,0.1872%,5.50%
1955-08-01,26.720,-0.1495%,
1955-09-01,26.850,0.4865%,
1955-10-01,26.820,-0.1117%,2.40%
1955-11-01,26.880,0.2237%,
1955-12-01,26.870,-0.0372%,
1956-01-01,26.830,-0.1489%,-1.50%
1956-02-01,26.860,0.1118%,
1956-03-01,26.890,0.1117%,
1956-04-01,26.930,0.1488%,3.40%
1956-05-01,27.030,0.3713%,
1956-06-01,27.150,0.4440%,
1956-07-01,27.290,0.5157%,-0.30%
1956-08-01,27.310,0.0733%,
1956-09-01,27.350,0.1465%,
1956-10-01,27.510,0.5850%,6.70%
1956-11-01,27.510,0.0000%,
1956-12-01,27.630,0.4362%,
1957-01-01,27.670,0.1448%,2.60%
1957-02-01,27.800,0.4698%,
1957-03-01,27.860,0.2158%,
1957-04-01,27.930,0.2513%,-0.90%
1957-05-01,28.000,0.2506%,
1957-06-01,28.110,0.3929%,
1957-07-01,28.190,0.2846%,4.00%
1957-08-01,28.280,0.3193%,
1957-09-01,28.320,0.1414%,
1957-10-01,28.320,0.0000%,-4.00%
1957-11-01,28.410,0.3178%,
1957-12-01,28.470,0.2112%,
1958-01-01,28.640,0.5971%,-10.00%
1958-02-01,28.700,0.2095%,
1958-03-01,28.870,0.5923%,
1958-04-01,28.940,0.2425%,2.60%
1958-05-01,28.940,0.0000%,
1958-06-01,28.910,-0.1037%,
1958-07-01,28.890,-0.0692%,9.60%
1958-08-01,28.940,0.1731%,
1958-09-01,28.910,-0.1037%,
1958-10-01,28.910,0.0000%,9.70%
1958-11-01,28.950,0.1384%,
1958-12-01,28.970,0.0691%,
1959-01-01,29.010,0.1381%,7.70%
1959-02-01,29.000,-0.0345%,
1959-03-01,28.970,-0.1034%,
1959-04-01,28.980,0.0345%,10.10%
1959-05-01,29.040,0.2070%,
1959-06-01,29.110,0.2410%,
1959-07-01,29.150,0.1374%,-0.80%
1959-08-01,29.180,0.1029%,
1959-09-01,29.250,0.2399%,
1959-10-01,29.350,0.3419%,1.60%
1959-11-01,29.350,0.0000%,
1959-12-01,29.410,0.2044%,
1960-01-01,29.370,-0.1360%,9.20%
1960-02-01,29.410,0.1362%,
1960-03-01,29.410,0.0000%,
1960-04-01,29.540,0.4420%,-1.50%
1960-05-01,29.570,0.1016%,
1960-06-01,29.610,0.1353%,
1960-07-01,29.550,-0.2026%,1.00%
1960-08-01,29.610,0.2030%,
1960-09-01,29.610,0.0000%,
1960-10-01,29.750,0.4728%,-4.80%
1960-11-01,29.780,0.1008%,
1960-12-01,29.810,0.1007%,
1961-01-01,29.840,0.1006%,2.70%
1961-02-01,29.840,0.0000%,
1961-03-01,29.840,0.0000%,
1961-04-01,29.810,-0.1005%,7.60%
1961-05-01,29.840,0.1006%,
1961-06-01,29.840,0.0000%,
1961-07-01,29.920,0.2681%,6.80%
1961-08-01,29.940,0.0668%,
1961-09-01,29.980,0.1336%,
1961-10-01,29.980,0.0000%,8.30%
1961-11-01,29.980,0.0000%,
1961-12-01,30.010,0.1001%,
1962-01-01,30.040,0.1000%,7.40%
1962-02-01,30.110,0.2330%,
1962-03-01,30.170,0.1993%,
1962-04-01,30.210,0.1326%,4.40%
1962-05-01,30.240,0.0993%,
1962-06-01,30.210,-0.0992%,
1962-07-01,30.220,0.0331%,3.90%
1962-08-01,30.280,0.1985%,
1962-09-01,30.420,0.4624%,
1962-10-01,30.380,-0.1315%,1.60%
1962-11-01,30.380,0.0000%,
1962-12-01,30.380,0.0000%,
1963-01-01,30.440,0.1975%,4.50%
1963-02-01,30.480,0.1314%,
1963-03-01,30.510,0.0984%,
1963-04-01,30.480,-0.0983%,5.30%
1963-05-01,30.510,0.0984%,
1963-06-01,30.610,0.3278%,
1963-07-01,30.690,0.2614%,8.00%
1963-08-01,30.750,0.1955%,
1963-09-01,30.720,-0.0976%,
1963-10-01,30.750,0.0977%,2.90%
1963-11-01,30.780,0.0976%,
1963-12-01,30.880,0.3249%,
1964-01-01,30.940,0.1943%,8.90%
1964-02-01,30.910,-0.0970%,
1964-03-01,30.940,0.0971%,
1964-04-01,30.950,0.0323%,4.80%
1964-05-01,30.980,0.0969%,
1964-06-01,31.010,0.0968%,
1964-07-01,31.020,0.0322%,5.50%
1964-08-01,31.050,0.0967%,
1964-09-01,31.080,0.0966%,
1964-10-01,31.120,0.1287%,1.40%
1964-11-01,31.210,0.2892%,
1964-12-01,31.250,0.1282%,
1965-01-01,31.280,0.0960%,10.20%
1965-02-01,31.280,0.0000%,
1965-03-01,31.310,0.0959%,
1965-04-01,31.380,0.2236%,5.60%
1965-05-01,31.480,0.3187%,
1965-06-01,31.610,0.4130%,
1965-07-01,31.580,-0.0949%,8.40%
1965-08-01,31.550,-0.0950%,
1965-09-01,31.620,0.2219%,
1965-10-01,31.650,0.0949%,9.80%
1965-11-01,31.750,0.3160%,
1965-12-01,31.850,0.3150%,
1966-01-01,31.880,0.0942%,10.20%
1966-02-01,32.080,0.6274%,
1966-03-01,32.180,0.3117%,
1966-04-01,32.280,0.3108%,1.60%
1966-05-01,32.350,0.2169%,
1966-06-01,32.380,0.0927%,
1966-07-01,32.450,0.2162%,2.90%
1966-08-01,32.650,0.6163%,
1966-09-01,32.750,0.3063%,
1966-10-01,32.850,0.3053%,3.50%
1966-11-01,32.880,0.0913%,
1966-12-01,32.920,0.1217%,
1967-01-01,32.900,-0.0608%,3.70%
1967-02-01,33.000,0.3040%,
1967-03-01,33.000,0.0000%,
1967-04-01,33.100,0.3030%,0.30%
1967-05-01,33.100,0.0000%,
1967-06-01,33.300,0.6042%,
1967-07-01,33.400,0.3003%,3.50%
1967-08-01,33.500,0.2994%,
1967-09-01,33.600,0.2985%,
1967-10-01,33.700,0.2976%,3.20%
1967-11-01,33.900,0.5935%,
1967-12-01,34.000,0.2950%,
1968-01-01,34.100,0.2941%,8.40%
1968-02-01,34.200,0.2933%,
1968-03-01,34.300,0.2924%,
1968-04-01,34.400,0.2915%,6.90%
1968-05-01,34.500,0.2907%,
1968-06-01,34.700,0.5797%,
1968-07-01,34.900,0.5764%,2.90%
1968-08-01,35.000,0.2865%,
1968-09-01,35.100,0.2857%,
1968-10-01,35.300,0.5698%,1.80%
1968-11-01,35.400,0.2833%,
1968-12-01,35.600,0.5650%,
1969-01-01,35.700,0.2809%,6.40%
1969-02-01,35.800,0.2801%,
1969-03-01,36.100,0.8380%,
1969-04-01,36.300,0.5540%,1.30%
1969-05-01,36.400,0.2755%,
1969-06-01,36.600,0.5495%,
1969-07-01,36.800,0.5464%,2.50%
1969-08-01,36.900,0.2717%,
1969-09-01,37.100,0.5420%,
1969-10-01,37.300,0.5391%,-1.70%
1969-11-01,37.500,0.5362%,
1969-12-01,37.700,0.5333%,
1970-01-01,37.900,0.5305%,-0.70%
1970-02-01,38.100,0.5277%,
1970-03-01,38.300,0.5249%,
1970-04-01,38.500,0.5222%,0.70%
1970-05-01,38.600,0.2597%,
1970-06-01,38.800,0.5181%,
1970-07-01,38.900,0.2577%,3.60%
1970-08-01,39.000,0.2571%,
1970-09-01,39.200,0.5128%,
1970-10-01,39.400,0.5102%,-4.00%
1970-11-01,39.600,0.5076%,
1970-12-01,39.800,0.5051%,
1971-01-01,39.900,0.2513%,11.10%
1971-02-01,39.900,0.0000%,
1971-03-01,40.000,0.2506%,
1971-04-01,40.100,0.2500%,2.30%
1971-05-01,40.300,0.4988%,
1971-06-01,40.500,0.4963%,
1971-07-01,40.600,0.2469%,3.20%
1971-08-01,40.700,0.2463%,
1971-09-01,40.800,0.2457%,
1971-10-01,40.900,0.2451%,1.20%
1971-11-01,41.000,0.2445%,
1971-12-01,41.100,0.2439%,
1972-01-01,41.200,0.2433%,7.40%
1972-02-01,41.400,0.4854%,
1972-03-01,41.400,0.0000%,
1972-04-01,41.500,0.2415%,9.60%
1972-05-01,41.600,0.2410%,
1972-06-01,41.700,0.2404%,
1972-07-01,41.800,0.2398%,3.70%
1972-08-01,41.900,0.2392%,
1972-09-01,42.100,0.4773%,
1972-10-01,42.200,0.2375%,6.80%
1972-11-01,42.400,0.4739%,
1972-12-01,42.500,0.2358%,
1973-01-01,42.700,0.4706%,10.20%
1973-02-01,43.000,0.7026%,
1973-03-01,43.400,0.9302%,
1973-04-01,43.700,0.6912%,4.60%
1973-05-01,43.900,0.4577%,
1973-06-01,44.200,0.6834%,
1973-07-01,44.200,0.0000%,-2.20%
1973-08-01,45.000,1.8100%,
1973-09-01,45.200,0.4444%,
1973-10-01,45.600,0.8850%,3.80%
1973-11-01,45.900,0.6579%,
1973-12-01,46.300,0.8715%,
1974-01-01,46.800,1.0799%,-3.30%
1974-02-01,47.300,1.0684%,
1974-03-01,47.800,1.0571%,
1974-04-01,48.100,0.6276%,1.10%
1974-05-01,48.600,1.0395%,
1974-06-01,49.000,0.8230%,
1974-07-01,49.300,0.6122%,-3.80%
1974-08-01,49.900,1.2170%,
1974-09-01,50.600,1.4028%,
1974-10-01,51.000,0.7905%,-1.60%
1974-11-01,51.500,0.9804%,
1974-12-01,51.900,0.7767%,
1975-01-01,52.300,0.7707%,-4.70%
1975-02-01,52.600,0.5736%,
1975-03-01,52.800,0.3802%,
1975-04-01,53.000,0.3788%,3.10%
1975-05-01,53.100,0.1887%,
1975-06-01,53.500,0.7533%,
1975-07-01,54.000,0.9346%,6.80%
1975-08-01,54.200,0.3704%,
1975-09-01,54.600,0.7380%,
1975-10-01,54.900,0.5495%,5.50%
1975-11-01,55.300,0.7286%,
1975-12-01,55.600,0.5425%,
1976-01-01,55.800,0.3597%,9.30%
1976-02-01,55.900,0.1792%,
1976-03-01,56.000,0.1789%,
1976-04-01,56.100,0.1786%,3.10%
1976-05-01,56.400,0.5348%,
1976-06-01,56.700,0.5319%,
1976-07-01,57.000,0.5291%,2.10%
1976-08-01,57.300,0.5263%,
1976-09-01,57.600,0.5236%,
1976-10-01,57.900,0.5208%,3.00%
1976-11-01,58.100,0.3454%,
1976-12-01,58.400,0.5164%,
1977-01-01,58.700,0.5137%,4.70%
1977-02-01,59.300,1.0221%,
1977-03-01,59.600,0.5059%,
1977-04-01,60.000,0.6711%,8.10%
1977-05-01,60.200,0.3333%,
1977-06-01,60.500,0.4983%,
1977-07-01,60.800,0.4959%,7.30%
1977-08-01,61.100,0.4934%,
1977-09-01,61.300,0.3273%,
1977-10-01,61.600,0.4894%,0.00%
1977-11-01,62.000,0.6494%,
1977-12-01,62.300,0.4839%,
1978-01-01,62.700,0.6421%,1.40%
1978-02-01,63.000,0.4785%,
1978-03-01,63.400,0.6349%,
1978-04-01,63.900,0.7886%,16.50%
1978-05-01,64.500,0.9390%,
1978-06-01,65.000,0.7752%,
1978-07-01,65.500,0.7692%,4.00%
1978-08-01,65.900,0.6107%,
1978-09-01,66.500,0.9105%,
1978-10-01,67.100,0.9023%,5.50%
1978-11-01,67.500,0.5961%,
1978-12-01,67.900,0.5926%,
1979-01-01,68.500,0.8837%,0.80%
1979-02-01,69.200,1.0219%,
1979-03-01,69.900,1.0116%,
1979-04-01,70.600,1.0014%,0.50%
1979-05-01,71.400,1.1331%,
1979-06-01,72.200,1.1204%,
1979-07-01,73.000,1.1080%,2.90%
1979-08-01,73.700,0.9589%,
1979-09-01,74.400,0.9498%,
1979-10-01,75.200,1.0753%,1.00%
1979-11-01,76.000,1.0638%,
1979-12-01,76.900,1.1842%,
1980-01-01,78.000,1.4304%,1.30%
1980-02-01,79.000,1.2821%,
1980-03-01,80.100,1.3924%,
1980-04-01,80.900,0.9988%,-7.90%
1980-05-01,81.700,0.9889%,
1980-06-01,82.500,0.9792%,
1980-07-01,82.600,0.1212%,-0.60%
1980-08-01,83.200,0.7264%,
1980-09-01,83.900,0.8413%,
1980-10-01,84.700,0.9535%,7.60%
1980-11-01,85.600,1.0626%,
1980-12-01,86.400,0.9346%,
1981-01-01,87.200,0.9259%,8.50%
1981-02-01,88.000,0.9174%,
1981-03-01,88.600,0.6818%,
1981-04-01,89.100,0.5643%,-2.90%
1981-05-01,89.700,0.6734%,
1981-06-01,90.500,0.8919%,
1981-07-01,91.500,1.1050%,4.70%
1981-08-01,92.200,0.7650%,
1981-09-01,93.100,0.9761%,
1981-10-01,93.400,0.3222%,-4.60%
1981-11-01,93.800,0.4283%,
1981-12-01,94.100,0.3198%,
1982-01-01,94.400,0.3188%,-6.50%
1982-02-01,94.700,0.3178%,
1982-03-01,94.700,0.0000%,
1982-04-01,95.000,0.3168%,2.20%
1982-05-01,95.900,0.9474%,
1982-06-01,97.000,1.1470%,
1982-07-01,97.500,0.5155%,-1.40%
1982-08-01,97.700,0.2051%,
1982-09-01,97.700,0.0000%,
1982-10-01,98.100,0.4094%,0.40%
1982-11-01,98.000,-0.1019%,
1982-12-01,97.700,-0.3061%,
1983-01-01,97.900,0.2047%,5.30%
1983-02-01,98.000,0.1021%,
1983-03-01,98.100,0.1020%,
1983-04-01,98.800,0.7136%,9.40%
1983-05-01,99.200,0.4049%,
1983-06-01,99.400,0.2016%,
1983-07-01,99.800,0.4024%,8.10%
1983-08-01,100.100,0.3006%,
1983-09-01,100.400,0.2997%,
1983-10-01,100.800,0.3984%,8.50%
1983-11-01,101.100,0.2976%,
1983-12-01,101.400,0.2967%,
1984-01-01,102.100,0.6903%,8.20%
1984-02-01,102.600,0.4897%,
1984-03-01,102.900,0.2924%,
1984-04-01,103.300,0.3887%,7.20%
1984-05-01,103.500,0.1936%,
1984-06-01,103.700,0.1932%,
1984-07-01,104.100,0.3857%,4.00%
1984-08-01,104.400,0.2882%,
1984-09-01,104.700,0.2874%,
1984-10-01,105.100,0.3820%,3.20%
1984-11-01,105.300,0.1903%,
1984-12-01,105.500,0.1899%,
1985-01-01,105.700,0.1896%,4.00%
1985-02-01,106.300,0.5676%,
1985-03-01,106.800,0.4704%,
1985-04-01,107.000,0.1873%,3.70%
1985-05-01,107.200,0.1869%,
1985-06-01,107.500,0.2799%,
1985-07-01,107.700,0.1860%,6.40%
1985-08-01,107.900,0.1857%,
1985-09-01,108.100,0.1854%,
1985-10-01,108.500,0.3700%,3.00%
1985-11-01,109.000,0.4608%,
1985-12-01,109.500,0.4587%,
1986-01-01,109.900,0.3653%,3.80%
1986-02-01,109.700,-0.1820%,
1986-03-01,109.100,-0.5469%,
1986-04-01,108.700,-0.3666%,1.90%
1986-05-01,109.000,0.2760%,
1986-06-01,109.400,0.3670%,
1986-07-01,109.500,0.0914%,4.10%
1986-08-01,109.600,0.0913%,
1986-09-01,110.000,0.3650%,
1986-10-01,110.200,0.1818%,2.10%
1986-11-01,110.400,0.1815%,
1986-12-01,110.800,0.3623%,
1987-01-01,111.400,0.5415%,2.80%
1987-02-01,111.800,0.3591%,
1987-03-01,112.200,0.3578%,
1987-04-01,112.700,0.4456%,4.60%
1987-05-01,113.000,0.2662%,
1987-06-01,113.500,0.4425%,
1987-07-01,113.800,0.2643%,3.70%
1987-08-01,114.300,0.4394%,
1987-09-01,114.700,0.3500%,
1987-10-01,115.000,0.2616%,6.80%
1987-11-01,115.400,0.3478%,
1987-12-01,115.600,0.1733%,
1988-01-01,116.000,0.3460%,2.30%
1988-02-01,116.200,0.1724%,
1988-03-01,116.500,0.2582%,
1988-04-01,117.200,0.6009%,5.40%
1988-05-01,117.500,0.2560%,
1988-06-01,118.000,0.4255%,
1988-07-01,118.500,0.4237%,2.30%
1988-08-01,119.000,0.4219%,
1988-09-01,119.500,0.4202%,
1988-10-01,119.900,0.3347%,5.40%
1988-11-01,120.300,0.3336%,
1988-12-01,120.700,0.3325%,
1989-01-01,121.200,0.4143%,4.10%
1989-02-01,121.600,0.3300%,
1989-03-01,122.200,0.4934%,
1989-04-01,123.100,0.7365%,3.20%
1989-05-01,123.700,0.4874%,
1989-06-01,124.100,0.3234%,
1989-07-01,124.500,0.3223%,3.00%
1989-08-01,124.500,0.0000%,
1989-09-01,124.800,0.2410%,
1989-10-01,125.400,0.4808%,0.90%
1989-11-01,125.900,0.3987%,
1989-12-01,126.300,0.3177%,
1990-01-01,127.500,0.9501%,4.50%
1990-02-01,128.000,0.3922%,
1990-03-01,128.600,0.4687%,
1990-04-01,128.900,0.2333%,1.60%
1990-05-01,129.100,0.1552%,
1990-06-01,129.900,0.6197%,
1990-07-01,130.500,0.4619%,0.10%
1990-08-01,131.600,0.8429%,
1990-09-01,132.500,0.6839%,
1990-10-01,133.400,0.6792%,-3.40%
1990-11-01,133.700,0.2249%,
1990-12-01,134.200,0.3740%,
1991-01-01,134.700,0.3726%,-1.90%
1991-02-01,134.800,0.0742%,
1991-03-01,134.800,0.0000%,
1991-04-01,135.100,0.2226%,3.10%
1991-05-01,135.600,0.3701%,
1991-06-01,136.000,0.2950%,
1991-07-01,136.200,0.1471%,1.90%
1991-08-01,136.600,0.2937%,
1991-09-01,137.000,0.2928%,
1991-10-01,137.200,0.1460%,1.80%
1991-11-01,137.800,0.4373%,
1991-12-01,138.200,0.2903%,
1992-01-01,138.300,0.0724%,4.80%
1992-02-01,138.600,0.2169%,
1992-03-01,139.100,0.3608%,
1992-04-01,139.400,0.2157%,4.50%
1992-05-01,139.700,0.2152%,
1992-06-01,140.100,0.2863%,
1992-07-01,140.500,0.2855%,3.90%
1992-08-01,140.800,0.2135%,
1992-09-01,141.100,0.2131%,
1992-10-01,141.700,0.4252%,4.10%
1992-11-01,142.100,0.2823%,
1992-12-01,142.300,0.1407%,
1993-01-01,142.800,0.3514%,0.80%
1993-02-01,143.100,0.2101%,
1993-03-01,143.300,0.1398%,
1993-04-01,143.800,0.3489%,2.40%
1993-05-01,144.200,0.2782%,
1993-06-01,144.300,0.0693%,
1993-07-01,144.500,0.1386%,2.00%
1993-08-01,144.800,0.2076%,
1993-09-01,145.000,0.1381%,
1993-10-01,145.600,0.4138%,5.40%
1993-11-01,146.000,0.2747%,
1993-12-01,146.300,0.2055%,
1994-01-01,146.300,0.0000%,4.00%
1994-02-01,146.700,0.2734%,
1994-03-01,147.100,0.2727%,
1994-04-01,147.200,0.0680%,5.60%
1994-05-01,147.500,0.2038%,
1994-06-01,147.900,0.2712%,
1994-07-01,148.400,0.3381%,2.40%
1994-08-01,149.000,0.4043%,
1994-09-01,149.300,0.2013%,
1994-10-01,149.400,0.0670%,4.60%
1994-11-01,149.800,0.2677%,
1994-12-01,150.100,0.2003%,
1995-01-01,150.500,0.2665%,1.40%
1995-02-01,150.900,0.2658%,
1995-03-01,151.200,0.1988%,
1995-04-01,151.800,0.3968%,1.40%
1995-05-01,152.100,0.1976%,
1995-06-01,152.400,0.1972%,
1995-07-01,152.600,0.1312%,3.50%
1995-08-01,152.900,0.1966%,
1995-09-01,153.100,0.1308%,
1995-10-01,153.500,0.2613%,2.90%
1995-11-01,153.700,0.1303%,
1995-12-01,153.900,0.1301%,
1996-01-01,154.700,0.5198%,2.70%
1996-02-01,155.000,0.1939%,
1996-03-01,155.500,0.3226%,
1996-04-01,156.100,0.3859%,7.20%
1996-05-01,156.400,0.1922%,
1996-06-01,156.700,0.1918%,
1996-07-01,157.000,0.1914%,3.70%
1996-08-01,157.200,0.1274%,
1996-09-01,157.700,0.3181%,
1996-10-01,158.200,0.3171%,4.30%
1996-11-01,158.700,0.3161%,
1996-12-01,159.100,0.2520%,
1997-01-01,159.400,0.1886%,3.10%
1997-02-01,159.700,0.1882%,
1997-03-01,159.800,0.0626%,
1997-04-01,159.900,0.0626%,6.20%
1997-05-01,159.900,0.0000%,
1997-06-01,160.200,0.1876%,
1997-07-01,160.400,0.1248%,5.20%
1997-08-01,160.800,0.2494%,
1997-09-01,161.200,0.2488%,
1997-10-01,161.500,0.1861%,3.10%
1997-11-01,161.700,0.1238%,
1997-12-01,161.800,0.0618%,
1998-01-01,162.000,0.1236%,4.00%
1998-02-01,162.000,0.0000%,
1998-03-01,162.000,0.0000%,
1998-04-01,162.200,0.1235%,3.90%
1998-05-01,162.600,0.2466%,
1998-06-01,162.800,0.1230%,
1998-07-01,163.200,0.2457%,5.30%
1998-08-01,163.400,0.1225%,
1998-09-01,163.500,0.0612%,
1998-10-01,163.900,0.2446%,6.70%
1998-11-01,164.100,0.1220%,
1998-12-01,164.400,0.1828%,
1999-01-01,164.700,0.1825%,3.20%
1999-02-01,164.700,0.0000%,
1999-03-01,164.800,0.0607%,
1999-04-01,165.900,0.6675%,3.30%
1999-05-01,166.000,0.0603%,
1999-06-01,166.000,0.0000%,
1999-07-01,166.700,0.4217%,5.10%
1999-08-01,167.100,0.2400%,
1999-09-01,167.800,0.4189%,
1999-10-01,168.100,0.1788%,7.10%
1999-11-01,168.400,0.1785%,
1999-12-01,168.800,0.2375%,
2000-01-01,169.300,0.2962%,1.20%
2000-02-01,170.000,0.4135%,
2000-03-01,171.000,0.5882%,
2000-04-01,170.900,-0.0585%,7.80%
2000-05-01,171.200,0.1755%,
2000-06-01,172.200,0.5841%,
2000-07-01,172.700,0.2904%,0.50%
2000-08-01,172.700,0.0000%,
2000-09-01,173.600,0.5211%,
2000-10-01,173.900,0.1728%,2.30%
2000-11-01,174.200,0.1725%,
2000-12-01,174.600,0.2296%,
2001-01-01,175.600,0.5727%,-1.10%
2001-02-01,176.000,0.2278%,
2001-03-01,176.100,0.0568%,
2001-04-01,176.400,0.1704%,2.10%
2001-05-01,177.300,0.5102%,
2001-06-01,177.700,0.2256%,
2001-07-01,177.400,-0.1688%,-1.30%
2001-08-01,177.400,0.0000%,
2001-09-01,178.100,0.3946%,
2001-10-01,177.600,-0.2807%,1.10%
2001-11-01,177.500,-0.0563%,
2001-12-01,177.400,-0.0563%,
2002-01-01,177.700,0.1691%,3.70%
2002-02-01,178.000,0.1688%,
2002-03-01,178.500,0.2809%,
2002-04-01,179.300,0.4482%,2.20%
2002-05-01,179.500,0.1115%,
2002-06-01,179.600,0.0557%,
2002-07-01,180.000,0.2227%,2.00%
2002-08-01,180.500,0.2778%,
2002-09-01,180.800,0.1662%,
2002-10-01,181.200,0.2212%,0.30%
2002-11-01,181.500,0.1656%,
2002-12-01,181.800,0.1653%,
2003-01-01,182.600,0.4400%,2.10%
2003-02-01,183.600,0.5476%,
2003-03-01,183.900,0.1634%,
2003-04-01,183.200,-0.3806%,3.80%
2003-05-01,182.900,-0.1638%,
2003-06-01,183.100,0.1093%,
2003-07-01,183.700,0.3277%,6.90%
2003-08-01,184.500,0.4355%,
2003-09-01,185.100,0.3252%,
2003-10-01,184.900,-0.1080%,4.80%
2003-11-01,185.000,0.0541%,
2003-12-01,185.500,0.2703%,
2004-01-01,186.300,0.4313%,2.30%
2004-02-01,186.700,0.2147%,
2004-03-01,187.100,0.2142%,
2004-04-01,187.400,0.1603%,3.00%
2004-05-01,188.200,0.4269%,
2004-06-01,188.900,0.3719%,
2004-07-01,189.100,0.1059%,3.70%
2004-08-01,189.200,0.0529%,
2004-09-01,189.800,0.3171%,
2004-10-01,190.800,0.5269%,3.50%
2004-11-01,191.700,0.4717%,
2004-12-01,191.700,0.0000%,
2005-01-01,191.600,-0.0522%,4.30%
2005-02-01,192.400,0.4175%,
2005-03-01,193.100,0.3638%,
2005-04-01,193.700,0.3107%,2.10%
2005-05-01,193.600,-0.0516%,
2005-06-01,193.700,0.0517%,
2005-07-01,194.900,0.6195%,3.40%
2005-08-01,196.100,0.6157%,
2005-09-01,198.800,1.3768%,
2005-10-01,199.100,0.1509%,2.30%
2005-11-01,198.100,-0.5023%,
2005-12-01,198.100,0.0000%,
2006-01-01,199.300,0.6058%,4.90%
2006-02-01,199.400,0.0502%,
2006-03-01,199.700,0.1505%,
2006-04-01,200.700,0.5008%,1.20%
2006-05-01,201.300,0.2990%,
2006-06-01,201.800,0.2484%,
2006-07-01,202.900,0.5451%,0.40%
2006-08-01,203.800,0.4436%,
2006-09-01,202.800,-0.4907%,
2006-10-01,201.900,-0.4438%,3.20%
2006-11-01,202.000,0.0495%,
2006-12-01,203.100,0.5446%,
2007-01-01,203.437,0.1659%,0.20%
2007-02-01,204.226,0.3878%,
2007-03-01,205.288,0.5200%,
2007-04-01,205.904,0.3001%,3.10%
2007-05-01,206.755,0.4133%,
2007-06-01,207.234,0.2317%,
2007-07-01,207.603,0.1781%,2.70%
2007-08-01,207.667,0.0308%,
2007-09-01,208.547,0.4238%,
2007-10-01,209.190,0.3083%,1.40%
2007-11-01,210.834,0.7859%,
2007-12-01,211.445,0.2898%,
2008-01-01,212.174,0.3448%,-2.70%
2008-02-01,212.687,0.2418%,
2008-03-01,213.448,0.3578%,
2008-04-01,213.942,0.2314%,2.00%
2008-05-01,215.208,0.5917%,
2008-06-01,217.463,1.0478%,
2008-07-01,219.016,0.7141%,-1.90%
2008-08-01,218.690,-0.1488%,
2008-09-01,218.877,0.0855%,
2008-10-01,216.995,-0.8598%,-8.20%
2008-11-01,213.153,-1.7705%,
2008-12-01,211.398,-0.8234%,
2009-01-01,211.933,0.2531%,-5.40%
2009-02-01,212.705,0.3643%,
2009-03-01,212.495,-0.0987%,
2009-04-01,212.709,0.1007%,-0.50%
2009-05-01,213.022,0.1471%,
2009-06-01,214.790,0.8300%,
2009-07-01,214.726,-0.0298%,1.30%
2009-08-01,215.445,0.3348%,
2009-09-01,215.861,0.1931%,
2009-10-01,216.509,0.3002%,3.90%
2009-11-01,217.234,0.3349%,
2009-12-01,217.347,0.0520%,
2010-01-01,217.488,0.0649%,1.70%
2010-02-01,217.281,-0.0952%,
2010-03-01,217.353,0.0331%,
2010-04-01,217.403,0.0230%,3.90%
2010-05-01,217.290,-0.0520%,
2010-06-01,217.199,-0.0419%,
2010-07-01,217.605,0.1869%,2.70%
2010-08-01,217.923,0.1461%,
2010-09-01,218.275,0.1615%,
2010-10-01,219.035,0.3482%,2.50%
2010-11-01,219.590,0.2534%,
2010-12-01,220.472,0.4017%,
2011-01-01,221.148,0.3066%,-1.50%
2011-02-01,221.904,0.3419%,
2011-03-01,223.044,0.5137%,
2011-04-01,224.060,0.4555%,2.90%
2011-05-01,224.869,0.3611%,
2011-06-01,224.841,-0.0125%,
2011-07-01,225.419,0.2571%,0.80%
2011-08-01,226.082,0.2941%,
2011-09-01,226.676,0.2627%,
2011-10-01,226.811,0.0596%,4.60%
2011-11-01,227.157,0.1525%,
2011-12-01,227.145,-0.0053%,
2012-01-01,227.759,0.2703%,2.30%
2012-02-01,228.285,0.2309%,
2012-03-01,228.866,0.2545%,
2012-04-01,229.172,0.1337%,1.60%
2012-05-01,228.785,-0.1689%,
2012-06-01,228.626,-0.0695%,
2012-07-01,228.584,-0.0184%,2.50%
2012-08-01,229.911,0.5805%,
2012-09-01,231.104,0.5189%,
2012-10-01,231.741,0.2756%,0.10%
2012-11-01,231.202,-0.2326%,
2012-12-01,231.165,-0.0160%,
2013-01-01,231.444,0.1207%,2.70%
2013-02-01,232.803,0.5872%,
2013-03-01,232.245,-0.2397%,
2013-04-01,231.672,-0.2467%,1.80%
2013-05-01,231.990,0.1373%,
2013-06-01,232.583,0.2556%,
2013-07-01,232.980,0.1707%,4.50%
2013-08-01,233.413,0.1859%,
2013-09-01,233.773,0.1542%,
2013-10-01,233.903,0.0556%,3.50%
2013-11-01,234.038,0.0577%,
2013-12-01,234.697,0.2816%,
2014-01-01,235.128,0.1836%,-2.10%
2014-02-01,235.356,0.0970%,
2014-03-01,235.790,0.1844%,
2014-04-01,236.240,0.1908%,4.60%
2014-05-01,236.950,0.3005%,
2014-06-01,237.348,0.1680%,
2014-07-01,237.596,0.1045%,5.00%
2014-08-01,237.409,-0.0787%,
2014-09-01,237.626,0.0914%,
2014-10-01,237.753,0.0534%,2.20%
2014-11-01,237.067,-0.2885%,
2014-12-01,236.284,-0.3303%,
2015-01-01,234.677,-0.6801%,2.37%